accession,organism,contrast,kegg_pathway,pathway_name,n_pathway_genes,n_mapped,coverage_pct,n_up,n_down,n_sig,mean_abs_log2fc
OSD-120,Arabidopsis thaliana,(Col-0 & Ground Control & Light Treatment)v(Col-0 & Space Flight & Light Treatment),ath00010,Glycolysis / Gluconeogenesis,161,103,64.0,3,8,2,0.396
OSD-120,Arabidopsis thaliana,(Col-0 & Ground Control & Light Treatment)v(Col-0 & Space Flight & Light Treatment),ath00195,Photosynthesis,85,34,40.0,17,0,2,1.633
OSD-120,Arabidopsis thaliana,(Col-0 & Ground Control & Light Treatment)v(Col-0 & Space Flight & Light Treatment),ath00196,Photosynthesis - antenna proteins,52,16,30.8,7,1,2,1.863
OSD-120,Arabidopsis thaliana,(Col-0 & Ground Control & Light Treatment)v(Col-0 & Space Flight & Light Treatment),ath00710,Carbon fixation (Calvin cycle),72,58,80.6,3,3,2,0.639
OSD-120,Arabidopsis thaliana,(Col-0 & Ground Control & Light Treatment)v(Col-0 & Space Flight & Light Treatment),ath00500,Starch and sucrose metabolism,237,129,54.4,9,17,3,0.661
OSD-120,Arabidopsis thaliana,(Col-0 & Ground Control & Light Treatment)v(Col-0 & Space Flight & Light Treatment),ath00940,Phenylpropanoid biosynthesis,144,98,68.1,5,26,3,1.021
OSD-120,Arabidopsis thaliana,(Col-0 & Ground Control & Light Treatment)v(Col-0 & Space Flight & Light Treatment),ath00941,Flavonoid biosynthesis,39,17,43.6,7,1,1,1.917
OSD-120,Arabidopsis thaliana,(Col-0 & Ground Control & Light Treatment)v(Col-0 & Space Flight & Light Treatment),ath00592,alpha-Linolenic acid (jasmonate) metabolism,48,33,68.8,1,2,0,0.545
OSD-120,Arabidopsis thaliana,(Col-0 & Ground Control & Light Treatment)v(Col-0 & Space Flight & Light Treatment),ath00908,Zeatin biosynthesis,35,23,65.7,2,1,0,0.738
OSD-120,Arabidopsis thaliana,(Col-0 & Ground Control & Light Treatment)v(Col-0 & Space Flight & Light Treatment),ath04075,Plant hormone signal transduction,434,304,70.0,30,19,9,0.588
OSD-120,Arabidopsis thaliana,(Col-0 & Ground Control & Light Treatment)v(Col-0 & Space Flight & Light Treatment),ath04626,Plant-pathogen interaction,258,166,64.3,4,23,0,0.605
OSD-120,Arabidopsis thaliana,(Col-0 & Ground Control & Light Treatment)v(Col-0 & Space Flight & Light Treatment),ath04712,Circadian rhythm - plant,43,40,93.0,8,5,6,1.218
OSD-120,Arabidopsis thaliana,(Col-0 & Ground Control & Light Treatment)v(Col-0 & Space Flight & Light Treatment),ath00480,Glutathione metabolism,122,93,76.2,8,7,0,0.574
OSD-120,Arabidopsis thaliana,(Col-0 & Ground Control & Light Treatment)v(Col-0 & Space Flight & Light Treatment),ath00360,Phenylalanine metabolism,91,30,33.0,0,2,0,0.463
OSD-193,Arabidopsis thaliana,(Col-0 & Ground Control & 4 day)v(Col-0 & Space Flight & 4 day),ath00010,Glycolysis / Gluconeogenesis,161,111,68.9,5,1,5,0.349
OSD-193,Arabidopsis thaliana,(Col-0 & Ground Control & 4 day)v(Col-0 & Space Flight & 4 day),ath00195,Photosynthesis,85,43,50.6,0,0,0,0.434
OSD-193,Arabidopsis thaliana,(Col-0 & Ground Control & 4 day)v(Col-0 & Space Flight & 4 day),ath00196,Photosynthesis - antenna proteins,52,19,36.5,0,0,0,0.351
OSD-193,Arabidopsis thaliana,(Col-0 & Ground Control & 4 day)v(Col-0 & Space Flight & 4 day),ath00710,Carbon fixation (Calvin cycle),72,68,94.4,0,0,0,0.324
OSD-193,Arabidopsis thaliana,(Col-0 & Ground Control & 4 day)v(Col-0 & Space Flight & 4 day),ath00500,Starch and sucrose metabolism,237,144,60.8,8,3,6,0.418
OSD-193,Arabidopsis thaliana,(Col-0 & Ground Control & 4 day)v(Col-0 & Space Flight & 4 day),ath00940,Phenylpropanoid biosynthesis,144,106,73.6,15,4,16,0.654
OSD-193,Arabidopsis thaliana,(Col-0 & Ground Control & 4 day)v(Col-0 & Space Flight & 4 day),ath00941,Flavonoid biosynthesis,39,18,46.2,1,1,1,0.714
OSD-193,Arabidopsis thaliana,(Col-0 & Ground Control & 4 day)v(Col-0 & Space Flight & 4 day),ath00592,alpha-Linolenic acid (jasmonate) metabolism,48,38,79.2,1,1,1,0.34
OSD-193,Arabidopsis thaliana,(Col-0 & Ground Control & 4 day)v(Col-0 & Space Flight & 4 day),ath00908,Zeatin biosynthesis,35,22,62.9,1,2,0,0.548
OSD-193,Arabidopsis thaliana,(Col-0 & Ground Control & 4 day)v(Col-0 & Space Flight & 4 day),ath04075,Plant hormone signal transduction,434,335,77.2,8,20,17,0.442
OSD-193,Arabidopsis thaliana,(Col-0 & Ground Control & 4 day)v(Col-0 & Space Flight & 4 day),ath04626,Plant-pathogen interaction,258,179,69.4,6,2,4,0.372
OSD-193,Arabidopsis thaliana,(Col-0 & Ground Control & 4 day)v(Col-0 & Space Flight & 4 day),ath04712,Circadian rhythm - plant,43,40,93.0,3,0,3,0.582
OSD-193,Arabidopsis thaliana,(Col-0 & Ground Control & 4 day)v(Col-0 & Space Flight & 4 day),ath00480,Glutathione metabolism,122,92,75.4,2,5,6,0.394
OSD-193,Arabidopsis thaliana,(Col-0 & Ground Control & 4 day)v(Col-0 & Space Flight & 4 day),ath00360,Phenylalanine metabolism,91,29,31.9,1,2,2,0.565
OSD-208,Arabidopsis thaliana,(ROOT ZONE I (0.5mm))v(ROOT ZONE II (1.5mm)),ath00010,Glycolysis / Gluconeogenesis,161,108,67.1,24,22,43,1.498
OSD-208,Arabidopsis thaliana,(ROOT ZONE I (0.5mm))v(ROOT ZONE II (1.5mm)),ath00195,Photosynthesis,85,42,49.4,5,26,26,2.469
OSD-208,Arabidopsis thaliana,(ROOT ZONE I (0.5mm))v(ROOT ZONE II (1.5mm)),ath00196,Photosynthesis - antenna proteins,52,20,38.5,1,18,15,2.996
OSD-208,Arabidopsis thaliana,(ROOT ZONE I (0.5mm))v(ROOT ZONE II (1.5mm)),ath00710,Carbon fixation (Calvin cycle),72,67,93.1,7,22,24,1.436
OSD-208,Arabidopsis thaliana,(ROOT ZONE I (0.5mm))v(ROOT ZONE II (1.5mm)),ath00500,Starch and sucrose metabolism,237,139,58.6,33,52,72,2.136
OSD-208,Arabidopsis thaliana,(ROOT ZONE I (0.5mm))v(ROOT ZONE II (1.5mm)),ath00940,Phenylpropanoid biosynthesis,144,97,67.4,10,75,80,4.843
OSD-208,Arabidopsis thaliana,(ROOT ZONE I (0.5mm))v(ROOT ZONE II (1.5mm)),ath00941,Flavonoid biosynthesis,39,16,41.0,0,10,10,3.73
OSD-208,Arabidopsis thaliana,(ROOT ZONE I (0.5mm))v(ROOT ZONE II (1.5mm)),ath00592,alpha-Linolenic acid (jasmonate) metabolism,48,35,72.9,8,17,25,2.258
OSD-208,Arabidopsis thaliana,(ROOT ZONE I (0.5mm))v(ROOT ZONE II (1.5mm)),ath00908,Zeatin biosynthesis,35,21,60.0,7,6,10,3.122
OSD-208,Arabidopsis thaliana,(ROOT ZONE I (0.5mm))v(ROOT ZONE II (1.5mm)),ath04075,Plant hormone signal transduction,434,332,76.5,52,160,178,2.273
OSD-208,Arabidopsis thaliana,(ROOT ZONE I (0.5mm))v(ROOT ZONE II (1.5mm)),ath04626,Plant-pathogen interaction,258,167,64.7,22,92,99,2.475
OSD-208,Arabidopsis thaliana,(ROOT ZONE I (0.5mm))v(ROOT ZONE II (1.5mm)),ath04712,Circadian rhythm - plant,43,40,93.0,3,12,11,1.057
OSD-208,Arabidopsis thaliana,(ROOT ZONE I (0.5mm))v(ROOT ZONE II (1.5mm)),ath00480,Glutathione metabolism,122,89,73.0,9,40,46,1.805
OSD-208,Arabidopsis thaliana,(ROOT ZONE I (0.5mm))v(ROOT ZONE II (1.5mm)),ath00360,Phenylalanine metabolism,91,30,33.0,8,12,16,2.826
OSD-217,Arabidopsis thaliana,(leaf & Ground Control)v(leaf & Space Flight),ath00010,Glycolysis / Gluconeogenesis,161,117,72.7,25,30,54,1.749
OSD-217,Arabidopsis thaliana,(leaf & Ground Control)v(leaf & Space Flight),ath00195,Photosynthesis,85,44,51.8,2,40,42,5.259
OSD-217,Arabidopsis thaliana,(leaf & Ground Control)v(leaf & Space Flight),ath00196,Photosynthesis - antenna proteins,52,21,40.4,0,21,21,6.199
OSD-217,Arabidopsis thaliana,(leaf & Ground Control)v(leaf & Space Flight),ath00710,Carbon fixation (Calvin cycle),72,70,97.2,14,30,44,2.964
OSD-217,Arabidopsis thaliana,(leaf & Ground Control)v(leaf & Space Flight),ath00500,Starch and sucrose metabolism,237,161,67.9,51,56,101,2.208
OSD-217,Arabidopsis thaliana,(leaf & Ground Control)v(leaf & Space Flight),ath00940,Phenylpropanoid biosynthesis,144,127,88.2,72,20,87,3.742
OSD-217,Arabidopsis thaliana,(leaf & Ground Control)v(leaf & Space Flight),ath00941,Flavonoid biosynthesis,39,21,53.8,15,1,15,2.696
OSD-217,Arabidopsis thaliana,(leaf & Ground Control)v(leaf & Space Flight),ath00592,alpha-Linolenic acid (jasmonate) metabolism,48,45,93.8,9,19,28,2.861
OSD-217,Arabidopsis thaliana,(leaf & Ground Control)v(leaf & Space Flight),ath00908,Zeatin biosynthesis,35,28,80.0,9,12,19,2.841
OSD-217,Arabidopsis thaliana,(leaf & Ground Control)v(leaf & Space Flight),ath04075,Plant hormone signal transduction,434,388,89.4,103,96,189,2.066
OSD-217,Arabidopsis thaliana,(leaf & Ground Control)v(leaf & Space Flight),ath04626,Plant-pathogen interaction,258,199,77.1,44,60,92,2.134
OSD-217,Arabidopsis thaliana,(leaf & Ground Control)v(leaf & Space Flight),ath04712,Circadian rhythm - plant,43,43,100.0,2,15,17,1.392
OSD-217,Arabidopsis thaliana,(leaf & Ground Control)v(leaf & Space Flight),ath00480,Glutathione metabolism,122,100,82.0,28,24,51,1.95
OSD-217,Arabidopsis thaliana,(leaf & Ground Control)v(leaf & Space Flight),ath00360,Phenylalanine metabolism,91,31,34.1,8,8,16,2.238
OSD-218,Arabidopsis thaliana,(Col-0 & 4 day & Ground Control)v(Col-0 & 4 day & Space Flight),ath00010,Glycolysis / Gluconeogenesis,161,111,68.9,5,1,5,0.344
OSD-218,Arabidopsis thaliana,(Col-0 & 4 day & Ground Control)v(Col-0 & 4 day & Space Flight),ath00195,Photosynthesis,85,43,50.6,0,0,0,0.424
OSD-218,Arabidopsis thaliana,(Col-0 & 4 day & Ground Control)v(Col-0 & 4 day & Space Flight),ath00196,Photosynthesis - antenna proteins,52,19,36.5,0,0,0,0.342
OSD-218,Arabidopsis thaliana,(Col-0 & 4 day & Ground Control)v(Col-0 & 4 day & Space Flight),ath00710,Carbon fixation (Calvin cycle),72,68,94.4,0,0,0,0.318
OSD-218,Arabidopsis thaliana,(Col-0 & 4 day & Ground Control)v(Col-0 & 4 day & Space Flight),ath00500,Starch and sucrose metabolism,237,147,62.0,8,4,5,0.457
OSD-218,Arabidopsis thaliana,(Col-0 & 4 day & Ground Control)v(Col-0 & 4 day & Space Flight),ath00940,Phenylpropanoid biosynthesis,144,111,77.1,15,5,16,0.65
OSD-218,Arabidopsis thaliana,(Col-0 & 4 day & Ground Control)v(Col-0 & 4 day & Space Flight),ath00941,Flavonoid biosynthesis,39,18,46.2,1,1,1,0.662
OSD-218,Arabidopsis thaliana,(Col-0 & 4 day & Ground Control)v(Col-0 & 4 day & Space Flight),ath00592,alpha-Linolenic acid (jasmonate) metabolism,48,37,77.1,1,1,1,0.347
OSD-218,Arabidopsis thaliana,(Col-0 & 4 day & Ground Control)v(Col-0 & 4 day & Space Flight),ath00908,Zeatin biosynthesis,35,22,62.9,1,2,0,0.553
OSD-218,Arabidopsis thaliana,(Col-0 & 4 day & Ground Control)v(Col-0 & 4 day & Space Flight),ath04075,Plant hormone signal transduction,434,338,77.9,7,20,16,0.442
OSD-218,Arabidopsis thaliana,(Col-0 & 4 day & Ground Control)v(Col-0 & 4 day & Space Flight),ath04626,Plant-pathogen interaction,258,178,69.0,4,3,4,0.377
OSD-218,Arabidopsis thaliana,(Col-0 & 4 day & Ground Control)v(Col-0 & 4 day & Space Flight),ath04712,Circadian rhythm - plant,43,40,93.0,3,0,3,0.579
OSD-218,Arabidopsis thaliana,(Col-0 & 4 day & Ground Control)v(Col-0 & 4 day & Space Flight),ath00480,Glutathione metabolism,122,97,79.5,2,8,8,0.504
OSD-218,Arabidopsis thaliana,(Col-0 & 4 day & Ground Control)v(Col-0 & 4 day & Space Flight),ath00360,Phenylalanine metabolism,91,30,33.0,1,3,2,0.568
OSD-251,Arabidopsis thaliana,(Space Flight & 0.09G)v(Space Flight & 0.18G),ath00010,Glycolysis / Gluconeogenesis,161,110,68.3,9,3,2,0.456
OSD-251,Arabidopsis thaliana,(Space Flight & 0.09G)v(Space Flight & 0.18G),ath00195,Photosynthesis,85,44,51.8,27,0,2,1.084
OSD-251,Arabidopsis thaliana,(Space Flight & 0.09G)v(Space Flight & 0.18G),ath00196,Photosynthesis - antenna proteins,52,21,40.4,12,1,1,1.19
OSD-251,Arabidopsis thaliana,(Space Flight & 0.09G)v(Space Flight & 0.18G),ath00710,Carbon fixation (Calvin cycle),72,68,94.4,21,2,4,0.757
OSD-251,Arabidopsis thaliana,(Space Flight & 0.09G)v(Space Flight & 0.18G),ath00500,Starch and sucrose metabolism,237,136,57.4,6,6,1,0.483
OSD-251,Arabidopsis thaliana,(Space Flight & 0.09G)v(Space Flight & 0.18G),ath00940,Phenylpropanoid biosynthesis,144,104,72.2,6,10,1,0.62
OSD-251,Arabidopsis thaliana,(Space Flight & 0.09G)v(Space Flight & 0.18G),ath00941,Flavonoid biosynthesis,39,16,41.0,0,5,1,0.814
OSD-251,Arabidopsis thaliana,(Space Flight & 0.09G)v(Space Flight & 0.18G),ath00592,alpha-Linolenic acid (jasmonate) metabolism,48,39,81.2,0,3,0,0.459
OSD-251,Arabidopsis thaliana,(Space Flight & 0.09G)v(Space Flight & 0.18G),ath00908,Zeatin biosynthesis,35,20,57.1,1,0,0,0.404
OSD-251,Arabidopsis thaliana,(Space Flight & 0.09G)v(Space Flight & 0.18G),ath04075,Plant hormone signal transduction,434,331,76.3,6,13,5,0.354
OSD-251,Arabidopsis thaliana,(Space Flight & 0.09G)v(Space Flight & 0.18G),ath04626,Plant-pathogen interaction,258,172,66.7,5,9,3,0.395
OSD-251,Arabidopsis thaliana,(Space Flight & 0.09G)v(Space Flight & 0.18G),ath04712,Circadian rhythm - plant,43,41,95.3,2,1,0,0.317
OSD-251,Arabidopsis thaliana,(Space Flight & 0.09G)v(Space Flight & 0.18G),ath00480,Glutathione metabolism,122,89,73.0,3,4,2,0.508
OSD-251,Arabidopsis thaliana,(Space Flight & 0.09G)v(Space Flight & 0.18G),ath00360,Phenylalanine metabolism,91,29,31.9,1,0,0,0.422
OSD-281,Arabidopsis thaliana,(Sku5 & 4 day & Ground Control)v(Sku5 & 4 day & Space Flight),ath00010,Glycolysis / Gluconeogenesis,161,112,69.6,1,12,9,0.562
OSD-281,Arabidopsis thaliana,(Sku5 & 4 day & Ground Control)v(Sku5 & 4 day & Space Flight),ath00195,Photosynthesis,85,46,54.1,4,5,4,0.857
OSD-281,Arabidopsis thaliana,(Sku5 & 4 day & Ground Control)v(Sku5 & 4 day & Space Flight),ath00196,Photosynthesis - antenna proteins,52,19,36.5,3,4,3,0.822
OSD-281,Arabidopsis thaliana,(Sku5 & 4 day & Ground Control)v(Sku5 & 4 day & Space Flight),ath00710,Carbon fixation (Calvin cycle),72,68,94.4,2,8,7,0.603
OSD-281,Arabidopsis thaliana,(Sku5 & 4 day & Ground Control)v(Sku5 & 4 day & Space Flight),ath00500,Starch and sucrose metabolism,237,159,67.1,13,21,18,0.926
OSD-281,Arabidopsis thaliana,(Sku5 & 4 day & Ground Control)v(Sku5 & 4 day & Space Flight),ath00940,Phenylpropanoid biosynthesis,144,119,82.6,23,13,23,0.958
OSD-281,Arabidopsis thaliana,(Sku5 & 4 day & Ground Control)v(Sku5 & 4 day & Space Flight),ath00941,Flavonoid biosynthesis,39,21,53.8,4,1,3,0.925
OSD-281,Arabidopsis thaliana,(Sku5 & 4 day & Ground Control)v(Sku5 & 4 day & Space Flight),ath00592,alpha-Linolenic acid (jasmonate) metabolism,48,38,79.2,0,5,3,0.572
OSD-281,Arabidopsis thaliana,(Sku5 & 4 day & Ground Control)v(Sku5 & 4 day & Space Flight),ath00908,Zeatin biosynthesis,35,26,74.3,1,7,5,1.094
OSD-281,Arabidopsis thaliana,(Sku5 & 4 day & Ground Control)v(Sku5 & 4 day & Space Flight),ath04075,Plant hormone signal transduction,434,359,82.7,19,40,37,0.711
OSD-281,Arabidopsis thaliana,(Sku5 & 4 day & Ground Control)v(Sku5 & 4 day & Space Flight),ath04626,Plant-pathogen interaction,258,185,71.7,25,6,18,0.66
OSD-281,Arabidopsis thaliana,(Sku5 & 4 day & Ground Control)v(Sku5 & 4 day & Space Flight),ath04712,Circadian rhythm - plant,43,40,93.0,6,5,10,0.676
OSD-281,Arabidopsis thaliana,(Sku5 & 4 day & Ground Control)v(Sku5 & 4 day & Space Flight),ath00480,Glutathione metabolism,122,100,82.0,9,6,11,0.726
OSD-281,Arabidopsis thaliana,(Sku5 & 4 day & Ground Control)v(Sku5 & 4 day & Space Flight),ath00360,Phenylalanine metabolism,91,31,34.1,4,2,5,0.703
OSD-313,Arabidopsis thaliana,(Nuc1-2 Mutant & 48 hours of dark)v(Nuc1-2 Mutant & 48 hours of red light),ath00010,Glycolysis / Gluconeogenesis,161,115,71.4,6,9,14,0.573
OSD-313,Arabidopsis thaliana,(Nuc1-2 Mutant & 48 hours of dark)v(Nuc1-2 Mutant & 48 hours of red light),ath00195,Photosynthesis,85,45,52.9,0,32,32,1.723
OSD-313,Arabidopsis thaliana,(Nuc1-2 Mutant & 48 hours of dark)v(Nuc1-2 Mutant & 48 hours of red light),ath00196,Photosynthesis - antenna proteins,52,22,42.3,0,17,17,2.234
OSD-313,Arabidopsis thaliana,(Nuc1-2 Mutant & 48 hours of dark)v(Nuc1-2 Mutant & 48 hours of red light),ath00710,Carbon fixation (Calvin cycle),72,70,97.2,1,17,18,0.866
OSD-313,Arabidopsis thaliana,(Nuc1-2 Mutant & 48 hours of dark)v(Nuc1-2 Mutant & 48 hours of red light),ath00500,Starch and sucrose metabolism,237,157,66.2,13,15,23,0.68
OSD-313,Arabidopsis thaliana,(Nuc1-2 Mutant & 48 hours of dark)v(Nuc1-2 Mutant & 48 hours of red light),ath00940,Phenylpropanoid biosynthesis,144,117,81.2,15,33,45,1.052
OSD-313,Arabidopsis thaliana,(Nuc1-2 Mutant & 48 hours of dark)v(Nuc1-2 Mutant & 48 hours of red light),ath00941,Flavonoid biosynthesis,39,20,51.3,2,9,8,1.885
OSD-313,Arabidopsis thaliana,(Nuc1-2 Mutant & 48 hours of dark)v(Nuc1-2 Mutant & 48 hours of red light),ath00592,alpha-Linolenic acid (jasmonate) metabolism,48,42,87.5,5,5,10,0.786
OSD-313,Arabidopsis thaliana,(Nuc1-2 Mutant & 48 hours of dark)v(Nuc1-2 Mutant & 48 hours of red light),ath00908,Zeatin biosynthesis,35,27,77.1,4,3,5,0.692
OSD-313,Arabidopsis thaliana,(Nuc1-2 Mutant & 48 hours of dark)v(Nuc1-2 Mutant & 48 hours of red light),ath04075,Plant hormone signal transduction,434,382,88.0,54,29,73,0.67
OSD-313,Arabidopsis thaliana,(Nuc1-2 Mutant & 48 hours of dark)v(Nuc1-2 Mutant & 48 hours of red light),ath04626,Plant-pathogen interaction,258,194,75.2,19,11,23,0.548
OSD-313,Arabidopsis thaliana,(Nuc1-2 Mutant & 48 hours of dark)v(Nuc1-2 Mutant & 48 hours of red light),ath04712,Circadian rhythm - plant,43,42,97.7,10,4,12,0.908
OSD-313,Arabidopsis thaliana,(Nuc1-2 Mutant & 48 hours of dark)v(Nuc1-2 Mutant & 48 hours of red light),ath00480,Glutathione metabolism,122,99,81.1,8,9,14,0.579
OSD-313,Arabidopsis thaliana,(Nuc1-2 Mutant & 48 hours of dark)v(Nuc1-2 Mutant & 48 hours of red light),ath00360,Phenylalanine metabolism,91,31,34.1,4,7,9,0.788
OSD-314,Arabidopsis thaliana,(Ground Control & 1G on Earth & Dark Treatment)v(Space Flight & 0.34G by centrifugation & Dark Treatment),ath00010,Glycolysis / Gluconeogenesis,161,115,71.4,6,1,7,0.405
OSD-314,Arabidopsis thaliana,(Ground Control & 1G on Earth & Dark Treatment)v(Space Flight & 0.34G by centrifugation & Dark Treatment),ath00195,Photosynthesis,85,45,52.9,3,1,2,0.433
OSD-314,Arabidopsis thaliana,(Ground Control & 1G on Earth & Dark Treatment)v(Space Flight & 0.34G by centrifugation & Dark Treatment),ath00196,Photosynthesis - antenna proteins,52,22,42.3,2,1,2,0.467
OSD-314,Arabidopsis thaliana,(Ground Control & 1G on Earth & Dark Treatment)v(Space Flight & 0.34G by centrifugation & Dark Treatment),ath00710,Carbon fixation (Calvin cycle),72,70,97.2,6,3,9,0.496
OSD-314,Arabidopsis thaliana,(Ground Control & 1G on Earth & Dark Treatment)v(Space Flight & 0.34G by centrifugation & Dark Treatment),ath00500,Starch and sucrose metabolism,237,158,66.7,19,15,24,0.69
OSD-314,Arabidopsis thaliana,(Ground Control & 1G on Earth & Dark Treatment)v(Space Flight & 0.34G by centrifugation & Dark Treatment),ath00940,Phenylpropanoid biosynthesis,144,118,81.9,20,15,21,0.887
OSD-314,Arabidopsis thaliana,(Ground Control & 1G on Earth & Dark Treatment)v(Space Flight & 0.34G by centrifugation & Dark Treatment),ath00941,Flavonoid biosynthesis,39,20,51.3,3,2,2,0.859
OSD-314,Arabidopsis thaliana,(Ground Control & 1G on Earth & Dark Treatment)v(Space Flight & 0.34G by centrifugation & Dark Treatment),ath00592,alpha-Linolenic acid (jasmonate) metabolism,48,42,87.5,3,4,5,0.648
OSD-314,Arabidopsis thaliana,(Ground Control & 1G on Earth & Dark Treatment)v(Space Flight & 0.34G by centrifugation & Dark Treatment),ath00908,Zeatin biosynthesis,35,27,77.1,8,3,8,1.087
OSD-314,Arabidopsis thaliana,(Ground Control & 1G on Earth & Dark Treatment)v(Space Flight & 0.34G by centrifugation & Dark Treatment),ath04075,Plant hormone signal transduction,434,385,88.7,37,51,68,0.704
OSD-314,Arabidopsis thaliana,(Ground Control & 1G on Earth & Dark Treatment)v(Space Flight & 0.34G by centrifugation & Dark Treatment),ath04626,Plant-pathogen interaction,258,194,75.2,26,13,30,0.68
OSD-314,Arabidopsis thaliana,(Ground Control & 1G on Earth & Dark Treatment)v(Space Flight & 0.34G by centrifugation & Dark Treatment),ath04712,Circadian rhythm - plant,43,43,100.0,9,2,10,0.711
OSD-314,Arabidopsis thaliana,(Ground Control & 1G on Earth & Dark Treatment)v(Space Flight & 0.34G by centrifugation & Dark Treatment),ath00480,Glutathione metabolism,122,99,81.1,6,6,8,0.521
OSD-314,Arabidopsis thaliana,(Ground Control & 1G on Earth & Dark Treatment)v(Space Flight & 0.34G by centrifugation & Dark Treatment),ath00360,Phenylalanine metabolism,91,31,34.1,2,1,2,0.394
OSD-321,Arabidopsis thaliana,(Ground Control & bzip28-2 bzip60-1)v(Space Flight & bzip28-2 bzip60-1),ath00010,Glycolysis / Gluconeogenesis,161,116,72.0,7,11,17,0.546
OSD-321,Arabidopsis thaliana,(Ground Control & bzip28-2 bzip60-1)v(Space Flight & bzip28-2 bzip60-1),ath00195,Photosynthesis,85,45,52.9,1,15,16,0.94
OSD-321,Arabidopsis thaliana,(Ground Control & bzip28-2 bzip60-1)v(Space Flight & bzip28-2 bzip60-1),ath00196,Photosynthesis - antenna proteins,52,22,42.3,2,6,7,0.704
OSD-321,Arabidopsis thaliana,(Ground Control & bzip28-2 bzip60-1)v(Space Flight & bzip28-2 bzip60-1),ath00710,Carbon fixation (Calvin cycle),72,69,95.8,5,9,14,0.645
OSD-321,Arabidopsis thaliana,(Ground Control & bzip28-2 bzip60-1)v(Space Flight & bzip28-2 bzip60-1),ath00500,Starch and sucrose metabolism,237,160,67.5,21,45,55,1.041
OSD-321,Arabidopsis thaliana,(Ground Control & bzip28-2 bzip60-1)v(Space Flight & bzip28-2 bzip60-1),ath00940,Phenylpropanoid biosynthesis,144,117,81.2,12,27,34,0.916
OSD-321,Arabidopsis thaliana,(Ground Control & bzip28-2 bzip60-1)v(Space Flight & bzip28-2 bzip60-1),ath00941,Flavonoid biosynthesis,39,20,51.3,2,3,4,0.939
OSD-321,Arabidopsis thaliana,(Ground Control & bzip28-2 bzip60-1)v(Space Flight & bzip28-2 bzip60-1),ath00592,alpha-Linolenic acid (jasmonate) metabolism,48,43,89.6,6,3,8,0.828
OSD-321,Arabidopsis thaliana,(Ground Control & bzip28-2 bzip60-1)v(Space Flight & bzip28-2 bzip60-1),ath00908,Zeatin biosynthesis,35,26,74.3,2,5,6,0.588
OSD-321,Arabidopsis thaliana,(Ground Control & bzip28-2 bzip60-1)v(Space Flight & bzip28-2 bzip60-1),ath04075,Plant hormone signal transduction,434,393,90.6,39,89,103,1.002
OSD-321,Arabidopsis thaliana,(Ground Control & bzip28-2 bzip60-1)v(Space Flight & bzip28-2 bzip60-1),ath04626,Plant-pathogen interaction,258,200,77.5,21,27,37,0.741
OSD-321,Arabidopsis thaliana,(Ground Control & bzip28-2 bzip60-1)v(Space Flight & bzip28-2 bzip60-1),ath04712,Circadian rhythm - plant,43,41,95.3,3,3,6,0.641
OSD-321,Arabidopsis thaliana,(Ground Control & bzip28-2 bzip60-1)v(Space Flight & bzip28-2 bzip60-1),ath00480,Glutathione metabolism,122,99,81.1,13,6,18,0.763
OSD-321,Arabidopsis thaliana,(Ground Control & bzip28-2 bzip60-1)v(Space Flight & bzip28-2 bzip60-1),ath00360,Phenylalanine metabolism,91,32,35.2,6,4,9,0.765
OSD-346,Arabidopsis thaliana,(Phytochrome A mutant & Space Flight & 0.1G by centrifugation & Light Treatment 1)v(Phytochrome A mutant & Space Flight & 0.1G by centrifugation & Light Treatment 2),ath00010,Glycolysis / Gluconeogenesis,161,116,72.0,8,6,0,0.503
OSD-346,Arabidopsis thaliana,(Phytochrome A mutant & Space Flight & 0.1G by centrifugation & Light Treatment 1)v(Phytochrome A mutant & Space Flight & 0.1G by centrifugation & Light Treatment 2),ath00195,Photosynthesis,85,45,52.9,26,0,0,1.011
OSD-346,Arabidopsis thaliana,(Phytochrome A mutant & Space Flight & 0.1G by centrifugation & Light Treatment 1)v(Phytochrome A mutant & Space Flight & 0.1G by centrifugation & Light Treatment 2),ath00196,Photosynthesis - antenna proteins,52,22,42.3,6,1,0,0.893
OSD-346,Arabidopsis thaliana,(Phytochrome A mutant & Space Flight & 0.1G by centrifugation & Light Treatment 1)v(Phytochrome A mutant & Space Flight & 0.1G by centrifugation & Light Treatment 2),ath00710,Carbon fixation (Calvin cycle),72,70,97.2,16,2,0,0.625
OSD-346,Arabidopsis thaliana,(Phytochrome A mutant & Space Flight & 0.1G by centrifugation & Light Treatment 1)v(Phytochrome A mutant & Space Flight & 0.1G by centrifugation & Light Treatment 2),ath00500,Starch and sucrose metabolism,237,156,65.8,16,14,1,0.57
OSD-346,Arabidopsis thaliana,(Phytochrome A mutant & Space Flight & 0.1G by centrifugation & Light Treatment 1)v(Phytochrome A mutant & Space Flight & 0.1G by centrifugation & Light Treatment 2),ath00940,Phenylpropanoid biosynthesis,144,119,82.6,12,5,0,0.611
OSD-346,Arabidopsis thaliana,(Phytochrome A mutant & Space Flight & 0.1G by centrifugation & Light Treatment 1)v(Phytochrome A mutant & Space Flight & 0.1G by centrifugation & Light Treatment 2),ath00941,Flavonoid biosynthesis,39,20,51.3,1,1,0,0.52
OSD-346,Arabidopsis thaliana,(Phytochrome A mutant & Space Flight & 0.1G by centrifugation & Light Treatment 1)v(Phytochrome A mutant & Space Flight & 0.1G by centrifugation & Light Treatment 2),ath00592,alpha-Linolenic acid (jasmonate) metabolism,48,41,85.4,3,5,0,0.608
OSD-346,Arabidopsis thaliana,(Phytochrome A mutant & Space Flight & 0.1G by centrifugation & Light Treatment 1)v(Phytochrome A mutant & Space Flight & 0.1G by centrifugation & Light Treatment 2),ath00908,Zeatin biosynthesis,35,27,77.1,3,5,0,0.705
OSD-346,Arabidopsis thaliana,(Phytochrome A mutant & Space Flight & 0.1G by centrifugation & Light Treatment 1)v(Phytochrome A mutant & Space Flight & 0.1G by centrifugation & Light Treatment 2),ath04075,Plant hormone signal transduction,434,381,87.8,26,29,0,0.541
OSD-346,Arabidopsis thaliana,(Phytochrome A mutant & Space Flight & 0.1G by centrifugation & Light Treatment 1)v(Phytochrome A mutant & Space Flight & 0.1G by centrifugation & Light Treatment 2),ath04626,Plant-pathogen interaction,258,193,74.8,6,6,1,0.423
OSD-346,Arabidopsis thaliana,(Phytochrome A mutant & Space Flight & 0.1G by centrifugation & Light Treatment 1)v(Phytochrome A mutant & Space Flight & 0.1G by centrifugation & Light Treatment 2),ath04712,Circadian rhythm - plant,43,43,100.0,3,3,0,0.505
OSD-346,Arabidopsis thaliana,(Phytochrome A mutant & Space Flight & 0.1G by centrifugation & Light Treatment 1)v(Phytochrome A mutant & Space Flight & 0.1G by centrifugation & Light Treatment 2),ath00480,Glutathione metabolism,122,96,78.7,8,4,1,0.561
OSD-346,Arabidopsis thaliana,(Phytochrome A mutant & Space Flight & 0.1G by centrifugation & Light Treatment 1)v(Phytochrome A mutant & Space Flight & 0.1G by centrifugation & Light Treatment 2),ath00360,Phenylalanine metabolism,91,30,33.0,0,1,0,0.425
OSD-37,Arabidopsis thaliana,(Ground Control & Col-0)v(Space Flight & Col-0),ath00010,Glycolysis / Gluconeogenesis,161,117,72.7,1,4,2,0.253
OSD-37,Arabidopsis thaliana,(Ground Control & Col-0)v(Space Flight & Col-0),ath00195,Photosynthesis,85,46,54.1,0,1,0,0.228
OSD-37,Arabidopsis thaliana,(Ground Control & Col-0)v(Space Flight & Col-0),ath00196,Photosynthesis - antenna proteins,52,21,40.4,0,0,0,0.217
OSD-37,Arabidopsis thaliana,(Ground Control & Col-0)v(Space Flight & Col-0),ath00710,Carbon fixation (Calvin cycle),72,69,95.8,0,1,0,0.211
OSD-37,Arabidopsis thaliana,(Ground Control & Col-0)v(Space Flight & Col-0),ath00500,Starch and sucrose metabolism,237,159,67.1,4,13,9,0.393
OSD-37,Arabidopsis thaliana,(Ground Control & Col-0)v(Space Flight & Col-0),ath00940,Phenylpropanoid biosynthesis,144,122,84.7,9,8,8,0.509
OSD-37,Arabidopsis thaliana,(Ground Control & Col-0)v(Space Flight & Col-0),ath00941,Flavonoid biosynthesis,39,21,53.8,2,0,0,0.515
OSD-37,Arabidopsis thaliana,(Ground Control & Col-0)v(Space Flight & Col-0),ath00592,alpha-Linolenic acid (jasmonate) metabolism,48,43,89.6,2,5,3,0.488
OSD-37,Arabidopsis thaliana,(Ground Control & Col-0)v(Space Flight & Col-0),ath00908,Zeatin biosynthesis,35,28,80.0,0,3,0,0.495
OSD-37,Arabidopsis thaliana,(Ground Control & Col-0)v(Space Flight & Col-0),ath04075,Plant hormone signal transduction,434,393,90.6,5,21,14,0.357
OSD-37,Arabidopsis thaliana,(Ground Control & Col-0)v(Space Flight & Col-0),ath04626,Plant-pathogen interaction,258,204,79.1,4,18,11,0.44
OSD-37,Arabidopsis thaliana,(Ground Control & Col-0)v(Space Flight & Col-0),ath04712,Circadian rhythm - plant,43,43,100.0,0,2,2,0.321
OSD-37,Arabidopsis thaliana,(Ground Control & Col-0)v(Space Flight & Col-0),ath00480,Glutathione metabolism,122,99,81.1,1,6,4,0.4
OSD-37,Arabidopsis thaliana,(Ground Control & Col-0)v(Space Flight & Col-0),ath00360,Phenylalanine metabolism,91,31,34.1,0,1,0,0.238
OSD-38,Arabidopsis thaliana,(FLT)v(GC),ath00010,Glycolysis / Gluconeogenesis,161,116,72.0,2,3,4,0.369
OSD-38,Arabidopsis thaliana,(FLT)v(GC),ath00195,Photosynthesis,85,46,54.1,13,0,6,0.76
OSD-38,Arabidopsis thaliana,(FLT)v(GC),ath00196,Photosynthesis - antenna proteins,52,21,40.4,1,0,1,0.456
OSD-38,Arabidopsis thaliana,(FLT)v(GC),ath00710,Carbon fixation (Calvin cycle),72,69,95.8,0,0,0,0.396
OSD-38,Arabidopsis thaliana,(FLT)v(GC),ath00500,Starch and sucrose metabolism,237,156,65.8,17,20,28,0.669
OSD-38,Arabidopsis thaliana,(FLT)v(GC),ath00940,Phenylpropanoid biosynthesis,144,114,79.2,4,30,22,0.751
OSD-38,Arabidopsis thaliana,(FLT)v(GC),ath00941,Flavonoid biosynthesis,39,19,48.7,7,3,9,1.399
OSD-38,Arabidopsis thaliana,(FLT)v(GC),ath00592,alpha-Linolenic acid (jasmonate) metabolism,48,44,91.7,4,3,2,0.554
OSD-38,Arabidopsis thaliana,(FLT)v(GC),ath00908,Zeatin biosynthesis,35,31,88.6,0,6,4,0.572
OSD-38,Arabidopsis thaliana,(FLT)v(GC),ath04075,Plant hormone signal transduction,434,390,89.9,24,22,28,0.48
OSD-38,Arabidopsis thaliana,(FLT)v(GC),ath04626,Plant-pathogen interaction,258,200,77.5,5,14,9,0.456
OSD-38,Arabidopsis thaliana,(FLT)v(GC),ath04712,Circadian rhythm - plant,43,42,97.7,3,4,6,0.563
OSD-38,Arabidopsis thaliana,(FLT)v(GC),ath00480,Glutathione metabolism,122,92,75.4,2,7,4,0.432
OSD-38,Arabidopsis thaliana,(FLT)v(GC),ath00360,Phenylalanine metabolism,91,31,34.1,1,3,2,0.533
OSD-406,Arabidopsis thaliana,(Col-0 & Wild Type & Ground Control & Virgin Galactic SpaceShipTwo)v(Col-0 & Wild Type & Suborbital Flight & Virgin Galactic SpaceShipTwo),ath00010,Glycolysis / Gluconeogenesis,161,116,72.0,6,0,1,0.409
OSD-406,Arabidopsis thaliana,(Col-0 & Wild Type & Ground Control & Virgin Galactic SpaceShipTwo)v(Col-0 & Wild Type & Suborbital Flight & Virgin Galactic SpaceShipTwo),ath00195,Photosynthesis,85,45,52.9,8,2,3,1.028
OSD-406,Arabidopsis thaliana,(Col-0 & Wild Type & Ground Control & Virgin Galactic SpaceShipTwo)v(Col-0 & Wild Type & Suborbital Flight & Virgin Galactic SpaceShipTwo),ath00196,Photosynthesis - antenna proteins,52,21,40.4,1,2,1,1.006
OSD-406,Arabidopsis thaliana,(Col-0 & Wild Type & Ground Control & Virgin Galactic SpaceShipTwo)v(Col-0 & Wild Type & Suborbital Flight & Virgin Galactic SpaceShipTwo),ath00710,Carbon fixation (Calvin cycle),72,70,97.2,10,0,3,0.721
OSD-406,Arabidopsis thaliana,(Col-0 & Wild Type & Ground Control & Virgin Galactic SpaceShipTwo)v(Col-0 & Wild Type & Suborbital Flight & Virgin Galactic SpaceShipTwo),ath00500,Starch and sucrose metabolism,237,159,67.1,10,10,2,0.621
OSD-406,Arabidopsis thaliana,(Col-0 & Wild Type & Ground Control & Virgin Galactic SpaceShipTwo)v(Col-0 & Wild Type & Suborbital Flight & Virgin Galactic SpaceShipTwo),ath00940,Phenylpropanoid biosynthesis,144,119,82.6,8,8,2,0.667
OSD-406,Arabidopsis thaliana,(Col-0 & Wild Type & Ground Control & Virgin Galactic SpaceShipTwo)v(Col-0 & Wild Type & Suborbital Flight & Virgin Galactic SpaceShipTwo),ath00941,Flavonoid biosynthesis,39,21,53.8,1,4,1,1.069
OSD-406,Arabidopsis thaliana,(Col-0 & Wild Type & Ground Control & Virgin Galactic SpaceShipTwo)v(Col-0 & Wild Type & Suborbital Flight & Virgin Galactic SpaceShipTwo),ath00592,alpha-Linolenic acid (jasmonate) metabolism,48,40,83.3,1,2,0,0.437
OSD-406,Arabidopsis thaliana,(Col-0 & Wild Type & Ground Control & Virgin Galactic SpaceShipTwo)v(Col-0 & Wild Type & Suborbital Flight & Virgin Galactic SpaceShipTwo),ath00908,Zeatin biosynthesis,35,27,77.1,3,3,0,1.017
OSD-406,Arabidopsis thaliana,(Col-0 & Wild Type & Ground Control & Virgin Galactic SpaceShipTwo)v(Col-0 & Wild Type & Suborbital Flight & Virgin Galactic SpaceShipTwo),ath04075,Plant hormone signal transduction,434,369,85.0,26,23,13,0.774
OSD-406,Arabidopsis thaliana,(Col-0 & Wild Type & Ground Control & Virgin Galactic SpaceShipTwo)v(Col-0 & Wild Type & Suborbital Flight & Virgin Galactic SpaceShipTwo),ath04626,Plant-pathogen interaction,258,195,75.6,11,13,2,0.598
OSD-406,Arabidopsis thaliana,(Col-0 & Wild Type & Ground Control & Virgin Galactic SpaceShipTwo)v(Col-0 & Wild Type & Suborbital Flight & Virgin Galactic SpaceShipTwo),ath04712,Circadian rhythm - plant,43,42,97.7,2,2,0,0.439
OSD-406,Arabidopsis thaliana,(Col-0 & Wild Type & Ground Control & Virgin Galactic SpaceShipTwo)v(Col-0 & Wild Type & Suborbital Flight & Virgin Galactic SpaceShipTwo),ath00480,Glutathione metabolism,122,100,82.0,5,0,0,0.306
OSD-406,Arabidopsis thaliana,(Col-0 & Wild Type & Ground Control & Virgin Galactic SpaceShipTwo)v(Col-0 & Wild Type & Suborbital Flight & Virgin Galactic SpaceShipTwo),ath00360,Phenylalanine metabolism,91,32,35.2,3,0,0,0.347
OSD-427,Arabidopsis thaliana,(elp2-5 & Ground control & leaf)v(elp2-5 & Space Flight & leaf),ath00010,Glycolysis / Gluconeogenesis,161,113,70.2,0,1,0,0.15
OSD-427,Arabidopsis thaliana,(elp2-5 & Ground control & leaf)v(elp2-5 & Space Flight & leaf),ath00195,Photosynthesis,85,45,52.9,0,1,1,0.114
OSD-427,Arabidopsis thaliana,(elp2-5 & Ground control & leaf)v(elp2-5 & Space Flight & leaf),ath00196,Photosynthesis - antenna proteins,52,21,40.4,0,0,0,0.1
OSD-427,Arabidopsis thaliana,(elp2-5 & Ground control & leaf)v(elp2-5 & Space Flight & leaf),ath00710,Carbon fixation (Calvin cycle),72,69,95.8,0,0,0,0.142
OSD-427,Arabidopsis thaliana,(elp2-5 & Ground control & leaf)v(elp2-5 & Space Flight & leaf),ath00500,Starch and sucrose metabolism,237,154,65.0,1,5,1,0.246
OSD-427,Arabidopsis thaliana,(elp2-5 & Ground control & leaf)v(elp2-5 & Space Flight & leaf),ath00940,Phenylpropanoid biosynthesis,144,117,81.2,2,15,5,0.509
OSD-427,Arabidopsis thaliana,(elp2-5 & Ground control & leaf)v(elp2-5 & Space Flight & leaf),ath00941,Flavonoid biosynthesis,39,20,51.3,0,2,0,0.378
OSD-427,Arabidopsis thaliana,(elp2-5 & Ground control & leaf)v(elp2-5 & Space Flight & leaf),ath00592,alpha-Linolenic acid (jasmonate) metabolism,48,43,89.6,0,0,0,0.146
OSD-427,Arabidopsis thaliana,(elp2-5 & Ground control & leaf)v(elp2-5 & Space Flight & leaf),ath00908,Zeatin biosynthesis,35,27,77.1,1,2,0,0.347
OSD-427,Arabidopsis thaliana,(elp2-5 & Ground control & leaf)v(elp2-5 & Space Flight & leaf),ath04075,Plant hormone signal transduction,434,372,85.7,4,8,1,0.225
OSD-427,Arabidopsis thaliana,(elp2-5 & Ground control & leaf)v(elp2-5 & Space Flight & leaf),ath04626,Plant-pathogen interaction,258,189,73.3,4,4,1,0.227
OSD-427,Arabidopsis thaliana,(elp2-5 & Ground control & leaf)v(elp2-5 & Space Flight & leaf),ath04712,Circadian rhythm - plant,43,43,100.0,0,0,0,0.153
OSD-427,Arabidopsis thaliana,(elp2-5 & Ground control & leaf)v(elp2-5 & Space Flight & leaf),ath00480,Glutathione metabolism,122,98,80.3,0,5,0,0.268
OSD-427,Arabidopsis thaliana,(elp2-5 & Ground control & leaf)v(elp2-5 & Space Flight & leaf),ath00360,Phenylalanine metabolism,91,31,34.1,1,1,1,0.276
OSD-437,Arabidopsis thaliana,(4 day & 1G by centrifugation & Space Flight)v(6 day & 1G on Earth & Ground Control),ath00010,Glycolysis / Gluconeogenesis,161,113,70.2,10,3,10,0.494
OSD-437,Arabidopsis thaliana,(4 day & 1G by centrifugation & Space Flight)v(6 day & 1G on Earth & Ground Control),ath00195,Photosynthesis,85,45,52.9,9,1,10,0.661
OSD-437,Arabidopsis thaliana,(4 day & 1G by centrifugation & Space Flight)v(6 day & 1G on Earth & Ground Control),ath00196,Photosynthesis - antenna proteins,52,22,42.3,2,0,2,0.736
OSD-437,Arabidopsis thaliana,(4 day & 1G by centrifugation & Space Flight)v(6 day & 1G on Earth & Ground Control),ath00710,Carbon fixation (Calvin cycle),72,68,94.4,7,1,4,0.506
OSD-437,Arabidopsis thaliana,(4 day & 1G by centrifugation & Space Flight)v(6 day & 1G on Earth & Ground Control),ath00500,Starch and sucrose metabolism,237,150,63.3,21,18,27,0.856
OSD-437,Arabidopsis thaliana,(4 day & 1G by centrifugation & Space Flight)v(6 day & 1G on Earth & Ground Control),ath00940,Phenylpropanoid biosynthesis,144,111,77.1,34,13,24,1.215
OSD-437,Arabidopsis thaliana,(4 day & 1G by centrifugation & Space Flight)v(6 day & 1G on Earth & Ground Control),ath00941,Flavonoid biosynthesis,39,20,51.3,4,2,2,0.905
OSD-437,Arabidopsis thaliana,(4 day & 1G by centrifugation & Space Flight)v(6 day & 1G on Earth & Ground Control),ath00592,alpha-Linolenic acid (jasmonate) metabolism,48,44,91.7,8,6,10,0.988
OSD-437,Arabidopsis thaliana,(4 day & 1G by centrifugation & Space Flight)v(6 day & 1G on Earth & Ground Control),ath00908,Zeatin biosynthesis,35,25,71.4,7,2,6,1.124
OSD-437,Arabidopsis thaliana,(4 day & 1G by centrifugation & Space Flight)v(6 day & 1G on Earth & Ground Control),ath04075,Plant hormone signal transduction,434,377,86.9,90,24,84,0.909
OSD-437,Arabidopsis thaliana,(4 day & 1G by centrifugation & Space Flight)v(6 day & 1G on Earth & Ground Control),ath04626,Plant-pathogen interaction,258,182,70.5,44,8,41,0.849
OSD-437,Arabidopsis thaliana,(4 day & 1G by centrifugation & Space Flight)v(6 day & 1G on Earth & Ground Control),ath04712,Circadian rhythm - plant,43,41,95.3,5,4,8,0.762
OSD-437,Arabidopsis thaliana,(4 day & 1G by centrifugation & Space Flight)v(6 day & 1G on Earth & Ground Control),ath00480,Glutathione metabolism,122,95,77.9,9,7,10,0.638
OSD-437,Arabidopsis thaliana,(4 day & 1G by centrifugation & Space Flight)v(6 day & 1G on Earth & Ground Control),ath00360,Phenylalanine metabolism,91,28,30.8,6,2,5,0.725
OSD-476,Arabidopsis thaliana,(Apollo 11 regolith)v(Apollo 12 regolith),ath00010,Glycolysis / Gluconeogenesis,161,111,68.9,2,4,0,0.38
OSD-476,Arabidopsis thaliana,(Apollo 11 regolith)v(Apollo 12 regolith),ath00195,Photosynthesis,85,45,52.9,0,2,0,0.56
OSD-476,Arabidopsis thaliana,(Apollo 11 regolith)v(Apollo 12 regolith),ath00196,Photosynthesis - antenna proteins,52,22,42.3,0,3,0,0.831
OSD-476,Arabidopsis thaliana,(Apollo 11 regolith)v(Apollo 12 regolith),ath00710,Carbon fixation (Calvin cycle),72,67,93.1,1,4,1,0.425
OSD-476,Arabidopsis thaliana,(Apollo 11 regolith)v(Apollo 12 regolith),ath00500,Starch and sucrose metabolism,237,142,59.9,16,10,3,0.594
OSD-476,Arabidopsis thaliana,(Apollo 11 regolith)v(Apollo 12 regolith),ath00940,Phenylpropanoid biosynthesis,144,93,64.6,21,12,0,1.019
OSD-476,Arabidopsis thaliana,(Apollo 11 regolith)v(Apollo 12 regolith),ath00941,Flavonoid biosynthesis,39,20,51.3,1,2,1,1.028
OSD-476,Arabidopsis thaliana,(Apollo 11 regolith)v(Apollo 12 regolith),ath00592,alpha-Linolenic acid (jasmonate) metabolism,48,42,87.5,3,2,2,0.511
OSD-476,Arabidopsis thaliana,(Apollo 11 regolith)v(Apollo 12 regolith),ath00908,Zeatin biosynthesis,35,23,65.7,7,2,1,0.99
OSD-476,Arabidopsis thaliana,(Apollo 11 regolith)v(Apollo 12 regolith),ath04075,Plant hormone signal transduction,434,359,82.7,35,30,4,0.596
OSD-476,Arabidopsis thaliana,(Apollo 11 regolith)v(Apollo 12 regolith),ath04626,Plant-pathogen interaction,258,183,70.9,25,5,5,0.613
OSD-476,Arabidopsis thaliana,(Apollo 11 regolith)v(Apollo 12 regolith),ath04712,Circadian rhythm - plant,43,43,100.0,5,2,0,0.476
OSD-476,Arabidopsis thaliana,(Apollo 11 regolith)v(Apollo 12 regolith),ath00480,Glutathione metabolism,122,91,74.6,12,4,2,0.683
OSD-476,Arabidopsis thaliana,(Apollo 11 regolith)v(Apollo 12 regolith),ath00360,Phenylalanine metabolism,91,28,30.8,3,4,1,0.599
OSD-498,Arabidopsis thaliana,(10 minute & Cobalt-60 gamma radiation)v(10 minute & non-irradiated),ath00010,Glycolysis / Gluconeogenesis,161,114,70.8,1,0,0,0.153
OSD-498,Arabidopsis thaliana,(10 minute & Cobalt-60 gamma radiation)v(10 minute & non-irradiated),ath00195,Photosynthesis,85,45,52.9,1,1,0,0.236
OSD-498,Arabidopsis thaliana,(10 minute & Cobalt-60 gamma radiation)v(10 minute & non-irradiated),ath00196,Photosynthesis - antenna proteins,52,22,42.3,0,0,0,0.502
OSD-498,Arabidopsis thaliana,(10 minute & Cobalt-60 gamma radiation)v(10 minute & non-irradiated),ath00710,Carbon fixation (Calvin cycle),72,69,95.8,1,0,0,0.142
OSD-498,Arabidopsis thaliana,(10 minute & Cobalt-60 gamma radiation)v(10 minute & non-irradiated),ath00500,Starch and sucrose metabolism,237,150,63.3,4,1,0,0.264
OSD-498,Arabidopsis thaliana,(10 minute & Cobalt-60 gamma radiation)v(10 minute & non-irradiated),ath00940,Phenylpropanoid biosynthesis,144,110,76.4,4,0,0,0.277
OSD-498,Arabidopsis thaliana,(10 minute & Cobalt-60 gamma radiation)v(10 minute & non-irradiated),ath00941,Flavonoid biosynthesis,39,18,46.2,0,0,0,0.137
OSD-498,Arabidopsis thaliana,(10 minute & Cobalt-60 gamma radiation)v(10 minute & non-irradiated),ath00592,alpha-Linolenic acid (jasmonate) metabolism,48,42,87.5,3,1,0,0.449
OSD-498,Arabidopsis thaliana,(10 minute & Cobalt-60 gamma radiation)v(10 minute & non-irradiated),ath00908,Zeatin biosynthesis,35,26,74.3,2,0,0,0.38
OSD-498,Arabidopsis thaliana,(10 minute & Cobalt-60 gamma radiation)v(10 minute & non-irradiated),ath04075,Plant hormone signal transduction,434,363,83.6,13,31,7,0.435
OSD-498,Arabidopsis thaliana,(10 minute & Cobalt-60 gamma radiation)v(10 minute & non-irradiated),ath04626,Plant-pathogen interaction,258,187,72.5,18,2,9,0.372
OSD-498,Arabidopsis thaliana,(10 minute & Cobalt-60 gamma radiation)v(10 minute & non-irradiated),ath04712,Circadian rhythm - plant,43,42,97.7,0,0,0,0.257
OSD-498,Arabidopsis thaliana,(10 minute & Cobalt-60 gamma radiation)v(10 minute & non-irradiated),ath00480,Glutathione metabolism,122,93,76.2,2,2,0,0.254
OSD-498,Arabidopsis thaliana,(10 minute & Cobalt-60 gamma radiation)v(10 minute & non-irradiated),ath00360,Phenylalanine metabolism,91,29,31.9,0,1,0,0.185
OSD-502,Arabidopsis thaliana,(myb3r135 & Cobalt-60 gamma radiation)v(myb3r135 & non-irradiated),ath00010,Glycolysis / Gluconeogenesis,161,114,70.8,3,1,3,0.294
OSD-502,Arabidopsis thaliana,(myb3r135 & Cobalt-60 gamma radiation)v(myb3r135 & non-irradiated),ath00195,Photosynthesis,85,45,52.9,0,0,0,0.133
OSD-502,Arabidopsis thaliana,(myb3r135 & Cobalt-60 gamma radiation)v(myb3r135 & non-irradiated),ath00196,Photosynthesis - antenna proteins,52,21,40.4,0,0,0,0.111
OSD-502,Arabidopsis thaliana,(myb3r135 & Cobalt-60 gamma radiation)v(myb3r135 & non-irradiated),ath00710,Carbon fixation (Calvin cycle),72,69,95.8,2,1,2,0.327
OSD-502,Arabidopsis thaliana,(myb3r135 & Cobalt-60 gamma radiation)v(myb3r135 & non-irradiated),ath00500,Starch and sucrose metabolism,237,152,64.1,6,9,9,0.526
OSD-502,Arabidopsis thaliana,(myb3r135 & Cobalt-60 gamma radiation)v(myb3r135 & non-irradiated),ath00940,Phenylpropanoid biosynthesis,144,117,81.2,10,10,13,0.673
OSD-502,Arabidopsis thaliana,(myb3r135 & Cobalt-60 gamma radiation)v(myb3r135 & non-irradiated),ath00941,Flavonoid biosynthesis,39,20,51.3,1,1,0,0.752
OSD-502,Arabidopsis thaliana,(myb3r135 & Cobalt-60 gamma radiation)v(myb3r135 & non-irradiated),ath00592,alpha-Linolenic acid (jasmonate) metabolism,48,43,89.6,0,1,0,0.356
OSD-502,Arabidopsis thaliana,(myb3r135 & Cobalt-60 gamma radiation)v(myb3r135 & non-irradiated),ath00908,Zeatin biosynthesis,35,27,77.1,1,3,1,0.581
OSD-502,Arabidopsis thaliana,(myb3r135 & Cobalt-60 gamma radiation)v(myb3r135 & non-irradiated),ath04075,Plant hormone signal transduction,434,364,83.9,18,25,15,0.477
OSD-502,Arabidopsis thaliana,(myb3r135 & Cobalt-60 gamma radiation)v(myb3r135 & non-irradiated),ath04626,Plant-pathogen interaction,258,188,72.9,17,5,13,0.569
OSD-502,Arabidopsis thaliana,(myb3r135 & Cobalt-60 gamma radiation)v(myb3r135 & non-irradiated),ath04712,Circadian rhythm - plant,43,42,97.7,0,0,0,0.273
OSD-502,Arabidopsis thaliana,(myb3r135 & Cobalt-60 gamma radiation)v(myb3r135 & non-irradiated),ath00480,Glutathione metabolism,122,93,76.2,11,4,9,0.568
OSD-502,Arabidopsis thaliana,(myb3r135 & Cobalt-60 gamma radiation)v(myb3r135 & non-irradiated),ath00360,Phenylalanine metabolism,91,30,33.0,1,1,2,0.389
OSD-508,Arabidopsis thaliana,(sog1-1 & Cobalt-60 gamma radiation & 10 minute)v(sog1-1 & Cobalt-60 gamma radiation & 1440 minute),ath00010,Glycolysis / Gluconeogenesis,161,114,70.8,2,7,6,0.445
OSD-508,Arabidopsis thaliana,(sog1-1 & Cobalt-60 gamma radiation & 10 minute)v(sog1-1 & Cobalt-60 gamma radiation & 1440 minute),ath00195,Photosynthesis,85,45,52.9,0,2,1,0.409
OSD-508,Arabidopsis thaliana,(sog1-1 & Cobalt-60 gamma radiation & 10 minute)v(sog1-1 & Cobalt-60 gamma radiation & 1440 minute),ath00196,Photosynthesis - antenna proteins,52,22,42.3,0,0,0,0.29
OSD-508,Arabidopsis thaliana,(sog1-1 & Cobalt-60 gamma radiation & 10 minute)v(sog1-1 & Cobalt-60 gamma radiation & 1440 minute),ath00710,Carbon fixation (Calvin cycle),72,69,95.8,1,1,1,0.324
OSD-508,Arabidopsis thaliana,(sog1-1 & Cobalt-60 gamma radiation & 10 minute)v(sog1-1 & Cobalt-60 gamma radiation & 1440 minute),ath00500,Starch and sucrose metabolism,237,155,65.4,13,14,15,0.609
OSD-508,Arabidopsis thaliana,(sog1-1 & Cobalt-60 gamma radiation & 10 minute)v(sog1-1 & Cobalt-60 gamma radiation & 1440 minute),ath00940,Phenylpropanoid biosynthesis,144,117,81.2,11,20,19,0.757
OSD-508,Arabidopsis thaliana,(sog1-1 & Cobalt-60 gamma radiation & 10 minute)v(sog1-1 & Cobalt-60 gamma radiation & 1440 minute),ath00941,Flavonoid biosynthesis,39,20,51.3,2,2,2,0.743
OSD-508,Arabidopsis thaliana,(sog1-1 & Cobalt-60 gamma radiation & 10 minute)v(sog1-1 & Cobalt-60 gamma radiation & 1440 minute),ath00592,alpha-Linolenic acid (jasmonate) metabolism,48,43,89.6,4,3,3,0.641
OSD-508,Arabidopsis thaliana,(sog1-1 & Cobalt-60 gamma radiation & 10 minute)v(sog1-1 & Cobalt-60 gamma radiation & 1440 minute),ath00908,Zeatin biosynthesis,35,28,80.0,4,3,0,0.669
OSD-508,Arabidopsis thaliana,(sog1-1 & Cobalt-60 gamma radiation & 10 minute)v(sog1-1 & Cobalt-60 gamma radiation & 1440 minute),ath04075,Plant hormone signal transduction,434,375,86.4,25,42,23,0.609
OSD-508,Arabidopsis thaliana,(sog1-1 & Cobalt-60 gamma radiation & 10 minute)v(sog1-1 & Cobalt-60 gamma radiation & 1440 minute),ath04626,Plant-pathogen interaction,258,192,74.4,17,21,23,0.679
OSD-508,Arabidopsis thaliana,(sog1-1 & Cobalt-60 gamma radiation & 10 minute)v(sog1-1 & Cobalt-60 gamma radiation & 1440 minute),ath04712,Circadian rhythm - plant,43,43,100.0,1,4,2,0.53
OSD-508,Arabidopsis thaliana,(sog1-1 & Cobalt-60 gamma radiation & 10 minute)v(sog1-1 & Cobalt-60 gamma radiation & 1440 minute),ath00480,Glutathione metabolism,122,97,79.5,4,8,6,0.572
OSD-508,Arabidopsis thaliana,(sog1-1 & Cobalt-60 gamma radiation & 10 minute)v(sog1-1 & Cobalt-60 gamma radiation & 1440 minute),ath00360,Phenylalanine metabolism,91,30,33.0,0,4,4,0.692
OSD-510,Arabidopsis thaliana,(Cobalt-60 gamma radiation & 1440 minute & sog1-1)v(Cobalt-60 gamma radiation & 1440 minute & Wild Type),ath00010,Glycolysis / Gluconeogenesis,161,114,70.8,2,1,1,0.312
OSD-510,Arabidopsis thaliana,(Cobalt-60 gamma radiation & 1440 minute & sog1-1)v(Cobalt-60 gamma radiation & 1440 minute & Wild Type),ath00195,Photosynthesis,85,45,52.9,0,2,1,0.485
OSD-510,Arabidopsis thaliana,(Cobalt-60 gamma radiation & 1440 minute & sog1-1)v(Cobalt-60 gamma radiation & 1440 minute & Wild Type),ath00196,Photosynthesis - antenna proteins,52,21,40.4,1,1,2,0.471
OSD-510,Arabidopsis thaliana,(Cobalt-60 gamma radiation & 1440 minute & sog1-1)v(Cobalt-60 gamma radiation & 1440 minute & Wild Type),ath00710,Carbon fixation (Calvin cycle),72,69,95.8,2,0,0,0.427
OSD-510,Arabidopsis thaliana,(Cobalt-60 gamma radiation & 1440 minute & sog1-1)v(Cobalt-60 gamma radiation & 1440 minute & Wild Type),ath00500,Starch and sucrose metabolism,237,153,64.6,16,4,8,0.52
OSD-510,Arabidopsis thaliana,(Cobalt-60 gamma radiation & 1440 minute & sog1-1)v(Cobalt-60 gamma radiation & 1440 minute & Wild Type),ath00940,Phenylpropanoid biosynthesis,144,116,80.6,13,6,6,0.623
OSD-510,Arabidopsis thaliana,(Cobalt-60 gamma radiation & 1440 minute & sog1-1)v(Cobalt-60 gamma radiation & 1440 minute & Wild Type),ath00941,Flavonoid biosynthesis,39,19,48.7,0,0,0,0.278
OSD-510,Arabidopsis thaliana,(Cobalt-60 gamma radiation & 1440 minute & sog1-1)v(Cobalt-60 gamma radiation & 1440 minute & Wild Type),ath00592,alpha-Linolenic acid (jasmonate) metabolism,48,43,89.6,2,3,3,0.448
OSD-510,Arabidopsis thaliana,(Cobalt-60 gamma radiation & 1440 minute & sog1-1)v(Cobalt-60 gamma radiation & 1440 minute & Wild Type),ath00908,Zeatin biosynthesis,35,28,80.0,4,5,1,0.768
OSD-510,Arabidopsis thaliana,(Cobalt-60 gamma radiation & 1440 minute & sog1-1)v(Cobalt-60 gamma radiation & 1440 minute & Wild Type),ath04075,Plant hormone signal transduction,434,369,85.0,28,9,12,0.456
OSD-510,Arabidopsis thaliana,(Cobalt-60 gamma radiation & 1440 minute & sog1-1)v(Cobalt-60 gamma radiation & 1440 minute & Wild Type),ath04626,Plant-pathogen interaction,258,191,74.0,26,7,18,0.649
OSD-510,Arabidopsis thaliana,(Cobalt-60 gamma radiation & 1440 minute & sog1-1)v(Cobalt-60 gamma radiation & 1440 minute & Wild Type),ath04712,Circadian rhythm - plant,43,43,100.0,0,3,0,0.297
OSD-510,Arabidopsis thaliana,(Cobalt-60 gamma radiation & 1440 minute & sog1-1)v(Cobalt-60 gamma radiation & 1440 minute & Wild Type),ath00480,Glutathione metabolism,122,95,77.9,17,5,11,0.685
OSD-510,Arabidopsis thaliana,(Cobalt-60 gamma radiation & 1440 minute & sog1-1)v(Cobalt-60 gamma radiation & 1440 minute & Wild Type),ath00360,Phenylalanine metabolism,91,30,33.0,2,0,0,0.529
OSD-518,Arabidopsis thaliana,(lazy1 mutant & 45 minutes after 90 degree gravistimulation)v(lazy1 mutant & not gravistimulated),ath00010,Glycolysis / Gluconeogenesis,161,115,71.4,3,2,2,0.356
OSD-518,Arabidopsis thaliana,(lazy1 mutant & 45 minutes after 90 degree gravistimulation)v(lazy1 mutant & not gravistimulated),ath00195,Photosynthesis,85,45,52.9,1,0,0,0.328
OSD-518,Arabidopsis thaliana,(lazy1 mutant & 45 minutes after 90 degree gravistimulation)v(lazy1 mutant & not gravistimulated),ath00196,Photosynthesis - antenna proteins,52,22,42.3,0,3,3,0.454
OSD-518,Arabidopsis thaliana,(lazy1 mutant & 45 minutes after 90 degree gravistimulation)v(lazy1 mutant & not gravistimulated),ath00710,Carbon fixation (Calvin cycle),72,70,97.2,4,1,2,0.428
OSD-518,Arabidopsis thaliana,(lazy1 mutant & 45 minutes after 90 degree gravistimulation)v(lazy1 mutant & not gravistimulated),ath00500,Starch and sucrose metabolism,237,155,65.4,10,14,12,0.706
OSD-518,Arabidopsis thaliana,(lazy1 mutant & 45 minutes after 90 degree gravistimulation)v(lazy1 mutant & not gravistimulated),ath00940,Phenylpropanoid biosynthesis,144,105,72.9,19,17,9,1.175
OSD-518,Arabidopsis thaliana,(lazy1 mutant & 45 minutes after 90 degree gravistimulation)v(lazy1 mutant & not gravistimulated),ath00941,Flavonoid biosynthesis,39,21,53.8,4,2,1,0.951
OSD-518,Arabidopsis thaliana,(lazy1 mutant & 45 minutes after 90 degree gravistimulation)v(lazy1 mutant & not gravistimulated),ath00592,alpha-Linolenic acid (jasmonate) metabolism,48,44,91.7,3,4,3,0.542
OSD-518,Arabidopsis thaliana,(lazy1 mutant & 45 minutes after 90 degree gravistimulation)v(lazy1 mutant & not gravistimulated),ath00908,Zeatin biosynthesis,35,24,68.6,3,2,0,0.71
OSD-518,Arabidopsis thaliana,(lazy1 mutant & 45 minutes after 90 degree gravistimulation)v(lazy1 mutant & not gravistimulated),ath04075,Plant hormone signal transduction,434,368,84.8,44,15,25,0.639
OSD-518,Arabidopsis thaliana,(lazy1 mutant & 45 minutes after 90 degree gravistimulation)v(lazy1 mutant & not gravistimulated),ath04626,Plant-pathogen interaction,258,190,73.6,39,12,14,0.882
OSD-518,Arabidopsis thaliana,(lazy1 mutant & 45 minutes after 90 degree gravistimulation)v(lazy1 mutant & not gravistimulated),ath04712,Circadian rhythm - plant,43,42,97.7,1,4,4,0.459
OSD-518,Arabidopsis thaliana,(lazy1 mutant & 45 minutes after 90 degree gravistimulation)v(lazy1 mutant & not gravistimulated),ath00480,Glutathione metabolism,122,87,71.3,13,2,7,0.625
OSD-518,Arabidopsis thaliana,(lazy1 mutant & 45 minutes after 90 degree gravistimulation)v(lazy1 mutant & not gravistimulated),ath00360,Phenylalanine metabolism,91,26,28.6,1,2,1,0.379
OSD-519,Arabidopsis thaliana,(puchi-1 mutant & Lateral root and surrounding tissues at the bend & vertical rotation & 12 hour)v(puchi-1 mutant & Lateral root and surrounding tissues at the bend & vertical rotation & 18 hour),ath00010,Glycolysis / Gluconeogenesis,161,113,70.2,4,0,0,0.284
OSD-519,Arabidopsis thaliana,(puchi-1 mutant & Lateral root and surrounding tissues at the bend & vertical rotation & 12 hour)v(puchi-1 mutant & Lateral root and surrounding tissues at the bend & vertical rotation & 18 hour),ath00195,Photosynthesis,85,43,50.6,1,1,0,0.398
OSD-519,Arabidopsis thaliana,(puchi-1 mutant & Lateral root and surrounding tissues at the bend & vertical rotation & 12 hour)v(puchi-1 mutant & Lateral root and surrounding tissues at the bend & vertical rotation & 18 hour),ath00196,Photosynthesis - antenna proteins,52,18,34.6,0,2,0,0.52
OSD-519,Arabidopsis thaliana,(puchi-1 mutant & Lateral root and surrounding tissues at the bend & vertical rotation & 12 hour)v(puchi-1 mutant & Lateral root and surrounding tissues at the bend & vertical rotation & 18 hour),ath00710,Carbon fixation (Calvin cycle),72,66,91.7,3,0,0,0.298
OSD-519,Arabidopsis thaliana,(puchi-1 mutant & Lateral root and surrounding tissues at the bend & vertical rotation & 12 hour)v(puchi-1 mutant & Lateral root and surrounding tissues at the bend & vertical rotation & 18 hour),ath00500,Starch and sucrose metabolism,237,155,65.4,11,5,1,0.448
OSD-519,Arabidopsis thaliana,(puchi-1 mutant & Lateral root and surrounding tissues at the bend & vertical rotation & 12 hour)v(puchi-1 mutant & Lateral root and surrounding tissues at the bend & vertical rotation & 18 hour),ath00940,Phenylpropanoid biosynthesis,144,111,77.1,24,12,9,0.943
OSD-519,Arabidopsis thaliana,(puchi-1 mutant & Lateral root and surrounding tissues at the bend & vertical rotation & 12 hour)v(puchi-1 mutant & Lateral root and surrounding tissues at the bend & vertical rotation & 18 hour),ath00941,Flavonoid biosynthesis,39,18,46.2,6,0,5,0.693
OSD-519,Arabidopsis thaliana,(puchi-1 mutant & Lateral root and surrounding tissues at the bend & vertical rotation & 12 hour)v(puchi-1 mutant & Lateral root and surrounding tissues at the bend & vertical rotation & 18 hour),ath00592,alpha-Linolenic acid (jasmonate) metabolism,48,39,81.2,3,1,1,0.434
OSD-519,Arabidopsis thaliana,(puchi-1 mutant & Lateral root and surrounding tissues at the bend & vertical rotation & 12 hour)v(puchi-1 mutant & Lateral root and surrounding tissues at the bend & vertical rotation & 18 hour),ath00908,Zeatin biosynthesis,35,22,62.9,0,2,1,0.473
OSD-519,Arabidopsis thaliana,(puchi-1 mutant & Lateral root and surrounding tissues at the bend & vertical rotation & 12 hour)v(puchi-1 mutant & Lateral root and surrounding tissues at the bend & vertical rotation & 18 hour),ath04075,Plant hormone signal transduction,434,343,79.0,19,9,6,0.39
OSD-519,Arabidopsis thaliana,(puchi-1 mutant & Lateral root and surrounding tissues at the bend & vertical rotation & 12 hour)v(puchi-1 mutant & Lateral root and surrounding tissues at the bend & vertical rotation & 18 hour),ath04626,Plant-pathogen interaction,258,188,72.9,15,7,7,0.487
OSD-519,Arabidopsis thaliana,(puchi-1 mutant & Lateral root and surrounding tissues at the bend & vertical rotation & 12 hour)v(puchi-1 mutant & Lateral root and surrounding tissues at the bend & vertical rotation & 18 hour),ath04712,Circadian rhythm - plant,43,41,95.3,1,2,1,0.372
OSD-519,Arabidopsis thaliana,(puchi-1 mutant & Lateral root and surrounding tissues at the bend & vertical rotation & 12 hour)v(puchi-1 mutant & Lateral root and surrounding tissues at the bend & vertical rotation & 18 hour),ath00480,Glutathione metabolism,122,96,78.7,4,4,3,0.408
OSD-519,Arabidopsis thaliana,(puchi-1 mutant & Lateral root and surrounding tissues at the bend & vertical rotation & 12 hour)v(puchi-1 mutant & Lateral root and surrounding tissues at the bend & vertical rotation & 18 hour),ath00360,Phenylalanine metabolism,91,31,34.1,2,1,1,0.464
OSD-565,Arabidopsis thaliana,(Plant Leaves & Treatment 1 & Not Applicable)v(Plant Leaves & Treatment 2 & Not Applicable),ath00010,Glycolysis / Gluconeogenesis,161,117,72.7,5,3,1,0.361
OSD-565,Arabidopsis thaliana,(Plant Leaves & Treatment 1 & Not Applicable)v(Plant Leaves & Treatment 2 & Not Applicable),ath00195,Photosynthesis,85,45,52.9,1,0,1,0.168
OSD-565,Arabidopsis thaliana,(Plant Leaves & Treatment 1 & Not Applicable)v(Plant Leaves & Treatment 2 & Not Applicable),ath00196,Photosynthesis - antenna proteins,52,21,40.4,0,0,0,0.159
OSD-565,Arabidopsis thaliana,(Plant Leaves & Treatment 1 & Not Applicable)v(Plant Leaves & Treatment 2 & Not Applicable),ath00710,Carbon fixation (Calvin cycle),72,70,97.2,0,2,0,0.228
OSD-565,Arabidopsis thaliana,(Plant Leaves & Treatment 1 & Not Applicable)v(Plant Leaves & Treatment 2 & Not Applicable),ath00500,Starch and sucrose metabolism,237,161,67.9,26,4,10,0.788
OSD-565,Arabidopsis thaliana,(Plant Leaves & Treatment 1 & Not Applicable)v(Plant Leaves & Treatment 2 & Not Applicable),ath00940,Phenylpropanoid biosynthesis,144,126,87.5,35,5,16,1.346
OSD-565,Arabidopsis thaliana,(Plant Leaves & Treatment 1 & Not Applicable)v(Plant Leaves & Treatment 2 & Not Applicable),ath00941,Flavonoid biosynthesis,39,22,56.4,4,1,2,0.884
OSD-565,Arabidopsis thaliana,(Plant Leaves & Treatment 1 & Not Applicable)v(Plant Leaves & Treatment 2 & Not Applicable),ath00592,alpha-Linolenic acid (jasmonate) metabolism,48,44,91.7,4,1,0,0.474
OSD-565,Arabidopsis thaliana,(Plant Leaves & Treatment 1 & Not Applicable)v(Plant Leaves & Treatment 2 & Not Applicable),ath00908,Zeatin biosynthesis,35,28,80.0,4,2,2,0.909
OSD-565,Arabidopsis thaliana,(Plant Leaves & Treatment 1 & Not Applicable)v(Plant Leaves & Treatment 2 & Not Applicable),ath04075,Plant hormone signal transduction,434,389,89.6,32,24,8,0.559
OSD-565,Arabidopsis thaliana,(Plant Leaves & Treatment 1 & Not Applicable)v(Plant Leaves & Treatment 2 & Not Applicable),ath04626,Plant-pathogen interaction,258,199,77.1,28,7,17,0.774
OSD-565,Arabidopsis thaliana,(Plant Leaves & Treatment 1 & Not Applicable)v(Plant Leaves & Treatment 2 & Not Applicable),ath04712,Circadian rhythm - plant,43,42,97.7,2,0,2,0.381
OSD-565,Arabidopsis thaliana,(Plant Leaves & Treatment 1 & Not Applicable)v(Plant Leaves & Treatment 2 & Not Applicable),ath00480,Glutathione metabolism,122,101,82.8,17,3,9,0.797
OSD-565,Arabidopsis thaliana,(Plant Leaves & Treatment 1 & Not Applicable)v(Plant Leaves & Treatment 2 & Not Applicable),ath00360,Phenylalanine metabolism,91,32,35.2,4,1,4,1.055
OSD-658,Arabidopsis thaliana,(mixed radiation & 40 centigray)v(mixed radiation & 80 centigray),ath00010,Glycolysis / Gluconeogenesis,161,115,71.4,2,0,0,0.135
OSD-658,Arabidopsis thaliana,(mixed radiation & 40 centigray)v(mixed radiation & 80 centigray),ath00195,Photosynthesis,85,45,52.9,0,0,0,0.163
OSD-658,Arabidopsis thaliana,(mixed radiation & 40 centigray)v(mixed radiation & 80 centigray),ath00196,Photosynthesis - antenna proteins,52,21,40.4,1,0,0,0.226
OSD-658,Arabidopsis thaliana,(mixed radiation & 40 centigray)v(mixed radiation & 80 centigray),ath00710,Carbon fixation (Calvin cycle),72,70,97.2,1,0,0,0.156
OSD-658,Arabidopsis thaliana,(mixed radiation & 40 centigray)v(mixed radiation & 80 centigray),ath00500,Starch and sucrose metabolism,237,154,65.0,2,4,0,0.231
OSD-658,Arabidopsis thaliana,(mixed radiation & 40 centigray)v(mixed radiation & 80 centigray),ath00940,Phenylpropanoid biosynthesis,144,108,75.0,2,2,0,0.236
OSD-658,Arabidopsis thaliana,(mixed radiation & 40 centigray)v(mixed radiation & 80 centigray),ath00941,Flavonoid biosynthesis,39,18,46.2,0,0,0,0.206
OSD-658,Arabidopsis thaliana,(mixed radiation & 40 centigray)v(mixed radiation & 80 centigray),ath00592,alpha-Linolenic acid (jasmonate) metabolism,48,43,89.6,1,1,0,0.237
OSD-658,Arabidopsis thaliana,(mixed radiation & 40 centigray)v(mixed radiation & 80 centigray),ath00908,Zeatin biosynthesis,35,26,74.3,0,1,0,0.359
OSD-658,Arabidopsis thaliana,(mixed radiation & 40 centigray)v(mixed radiation & 80 centigray),ath04075,Plant hormone signal transduction,434,376,86.6,3,12,0,0.229
OSD-658,Arabidopsis thaliana,(mixed radiation & 40 centigray)v(mixed radiation & 80 centigray),ath04626,Plant-pathogen interaction,258,190,73.6,2,6,0,0.234
OSD-658,Arabidopsis thaliana,(mixed radiation & 40 centigray)v(mixed radiation & 80 centigray),ath04712,Circadian rhythm - plant,43,41,95.3,0,0,0,0.148
OSD-658,Arabidopsis thaliana,(mixed radiation & 40 centigray)v(mixed radiation & 80 centigray),ath00480,Glutathione metabolism,122,96,78.7,4,3,0,0.258
OSD-658,Arabidopsis thaliana,(mixed radiation & 40 centigray)v(mixed radiation & 80 centigray),ath00360,Phenylalanine metabolism,91,30,33.0,0,1,0,0.144
OSD-678,Arabidopsis thaliana,(Col-0 & Wild Type & Ground Control & Dark Treatment)v(Col-0 & Wild Type & Space Flight & Dark Treatment),ath00010,Glycolysis / Gluconeogenesis,161,115,71.4,7,12,12,0.714
OSD-678,Arabidopsis thaliana,(Col-0 & Wild Type & Ground Control & Dark Treatment)v(Col-0 & Wild Type & Space Flight & Dark Treatment),ath00195,Photosynthesis,85,44,51.8,1,26,25,1.507
OSD-678,Arabidopsis thaliana,(Col-0 & Wild Type & Ground Control & Dark Treatment)v(Col-0 & Wild Type & Space Flight & Dark Treatment),ath00196,Photosynthesis - antenna proteins,52,19,36.5,1,15,15,3.038
OSD-678,Arabidopsis thaliana,(Col-0 & Wild Type & Ground Control & Dark Treatment)v(Col-0 & Wild Type & Space Flight & Dark Treatment),ath00710,Carbon fixation (Calvin cycle),72,70,97.2,5,15,15,0.899
OSD-678,Arabidopsis thaliana,(Col-0 & Wild Type & Ground Control & Dark Treatment)v(Col-0 & Wild Type & Space Flight & Dark Treatment),ath00500,Starch and sucrose metabolism,237,152,64.1,23,11,11,0.902
OSD-678,Arabidopsis thaliana,(Col-0 & Wild Type & Ground Control & Dark Treatment)v(Col-0 & Wild Type & Space Flight & Dark Treatment),ath00940,Phenylpropanoid biosynthesis,144,115,79.9,43,6,10,1.544
OSD-678,Arabidopsis thaliana,(Col-0 & Wild Type & Ground Control & Dark Treatment)v(Col-0 & Wild Type & Space Flight & Dark Treatment),ath00941,Flavonoid biosynthesis,39,20,51.3,4,1,0,0.639
OSD-678,Arabidopsis thaliana,(Col-0 & Wild Type & Ground Control & Dark Treatment)v(Col-0 & Wild Type & Space Flight & Dark Treatment),ath00592,alpha-Linolenic acid (jasmonate) metabolism,48,43,89.6,5,7,6,1.048
OSD-678,Arabidopsis thaliana,(Col-0 & Wild Type & Ground Control & Dark Treatment)v(Col-0 & Wild Type & Space Flight & Dark Treatment),ath00908,Zeatin biosynthesis,35,28,80.0,7,2,2,1.373
OSD-678,Arabidopsis thaliana,(Col-0 & Wild Type & Ground Control & Dark Treatment)v(Col-0 & Wild Type & Space Flight & Dark Treatment),ath04075,Plant hormone signal transduction,434,379,87.3,43,23,22,0.872
OSD-678,Arabidopsis thaliana,(Col-0 & Wild Type & Ground Control & Dark Treatment)v(Col-0 & Wild Type & Space Flight & Dark Treatment),ath04626,Plant-pathogen interaction,258,187,72.5,26,8,8,0.914
OSD-678,Arabidopsis thaliana,(Col-0 & Wild Type & Ground Control & Dark Treatment)v(Col-0 & Wild Type & Space Flight & Dark Treatment),ath04712,Circadian rhythm - plant,43,43,100.0,2,4,4,0.492
OSD-678,Arabidopsis thaliana,(Col-0 & Wild Type & Ground Control & Dark Treatment)v(Col-0 & Wild Type & Space Flight & Dark Treatment),ath00480,Glutathione metabolism,122,99,81.1,17,5,7,0.92
OSD-678,Arabidopsis thaliana,(Col-0 & Wild Type & Ground Control & Dark Treatment)v(Col-0 & Wild Type & Space Flight & Dark Treatment),ath00360,Phenylalanine metabolism,91,30,33.0,3,5,4,0.801
OSD-782,Arabidopsis thaliana,(cesium-137 gamma radiation & 10 centigray & 1 hour)v(cesium-137 gamma radiation & 10 centigray & 24 hour),ath00010,Glycolysis / Gluconeogenesis,161,115,71.4,5,4,5,0.415
OSD-782,Arabidopsis thaliana,(cesium-137 gamma radiation & 10 centigray & 1 hour)v(cesium-137 gamma radiation & 10 centigray & 24 hour),ath00195,Photosynthesis,85,45,52.9,0,0,0,0.303
OSD-782,Arabidopsis thaliana,(cesium-137 gamma radiation & 10 centigray & 1 hour)v(cesium-137 gamma radiation & 10 centigray & 24 hour),ath00196,Photosynthesis - antenna proteins,52,21,40.4,1,0,1,0.496
OSD-782,Arabidopsis thaliana,(cesium-137 gamma radiation & 10 centigray & 1 hour)v(cesium-137 gamma radiation & 10 centigray & 24 hour),ath00710,Carbon fixation (Calvin cycle),72,69,95.8,4,1,4,0.345
OSD-782,Arabidopsis thaliana,(cesium-137 gamma radiation & 10 centigray & 1 hour)v(cesium-137 gamma radiation & 10 centigray & 24 hour),ath00500,Starch and sucrose metabolism,237,157,66.2,8,25,23,0.697
OSD-782,Arabidopsis thaliana,(cesium-137 gamma radiation & 10 centigray & 1 hour)v(cesium-137 gamma radiation & 10 centigray & 24 hour),ath00940,Phenylpropanoid biosynthesis,144,108,75.0,7,22,12,0.8
OSD-782,Arabidopsis thaliana,(cesium-137 gamma radiation & 10 centigray & 1 hour)v(cesium-137 gamma radiation & 10 centigray & 24 hour),ath00941,Flavonoid biosynthesis,39,21,53.8,1,8,6,1.033
OSD-782,Arabidopsis thaliana,(cesium-137 gamma radiation & 10 centigray & 1 hour)v(cesium-137 gamma radiation & 10 centigray & 24 hour),ath00592,alpha-Linolenic acid (jasmonate) metabolism,48,45,93.8,4,2,4,0.641
OSD-782,Arabidopsis thaliana,(cesium-137 gamma radiation & 10 centigray & 1 hour)v(cesium-137 gamma radiation & 10 centigray & 24 hour),ath00908,Zeatin biosynthesis,35,29,82.9,7,3,7,0.75
OSD-782,Arabidopsis thaliana,(cesium-137 gamma radiation & 10 centigray & 1 hour)v(cesium-137 gamma radiation & 10 centigray & 24 hour),ath04075,Plant hormone signal transduction,434,373,85.9,29,34,40,0.61
OSD-782,Arabidopsis thaliana,(cesium-137 gamma radiation & 10 centigray & 1 hour)v(cesium-137 gamma radiation & 10 centigray & 24 hour),ath04626,Plant-pathogen interaction,258,189,73.3,27,11,29,0.639
OSD-782,Arabidopsis thaliana,(cesium-137 gamma radiation & 10 centigray & 1 hour)v(cesium-137 gamma radiation & 10 centigray & 24 hour),ath04712,Circadian rhythm - plant,43,42,97.7,3,5,6,0.611
OSD-782,Arabidopsis thaliana,(cesium-137 gamma radiation & 10 centigray & 1 hour)v(cesium-137 gamma radiation & 10 centigray & 24 hour),ath00480,Glutathione metabolism,122,96,78.7,3,14,6,0.641
OSD-782,Arabidopsis thaliana,(cesium-137 gamma radiation & 10 centigray & 1 hour)v(cesium-137 gamma radiation & 10 centigray & 24 hour),ath00360,Phenylalanine metabolism,91,31,34.1,3,3,4,0.568
